{
  "Total" : {
    "transaction" : "Total",
    "sampleCount" : 4500000,
    "errorCount" : 4318381,
    "errorPct" : 95.96402,
    "meanResTime" : 42706.13088155499,
    "medianResTime" : 4985.5,
    "minResTime" : 0.0,
    "maxResTime" : 1624716.0,
    "pct1ResTime" : 546880.0,
    "pct2ResTime" : 608046.85,
    "pct3ResTime" : 1005430.9,
    "throughput" : 795.086296016282,
    "receivedKBytesPerSec" : 1677.943242340989,
    "sentKBytesPerSec" : 19.452730224470088
  },
  "Login Page" : {
    "transaction" : "Login Page",
    "sampleCount" : 1500000,
    "errorCount" : 1432597,
    "errorPct" : 95.50647,
    "meanResTime" : 32553.947566664807,
    "medianResTime" : 17064.5,
    "minResTime" : 0.0,
    "maxResTime" : 741118.0,
    "pct1ResTime" : 281535.9,
    "pct2ResTime" : 320804.0,
    "pct3ResTime" : 363226.99,
    "throughput" : 268.7818484091877,
    "receivedKBytesPerSec" : 595.0657448940632,
    "sentKBytesPerSec" : 3.6234057512640807
  },
  "Pay" : {
    "transaction" : "Pay",
    "sampleCount" : 1500000,
    "errorCount" : 1496420,
    "errorPct" : 99.76133,
    "meanResTime" : 14048.84197066675,
    "medianResTime" : 159.0,
    "minResTime" : 0.0,
    "maxResTime" : 246197.0,
    "pct1ResTime" : 394.0,
    "pct2ResTime" : 635.0,
    "pct3ResTime" : 1973.0,
    "throughput" : 265.90737701517907,
    "receivedKBytesPerSec" : 524.8442504321438,
    "sentKBytesPerSec" : 11.245107851311952
  },
  "Get all restaurants" : {
    "transaction" : "Get all restaurants",
    "sampleCount" : 1500000,
    "errorCount" : 1389364,
    "errorPct" : 92.62427,
    "meanResTime" : 81515.60310733451,
    "medianResTime" : 371646.0,
    "minResTime" : 0.0,
    "maxResTime" : 1624716.0,
    "pct1ResTime" : 650508.9,
    "pct2ResTime" : 739450.0,
    "pct3ResTime" : 1005430.9,
    "throughput" : 265.19768365735183,
    "receivedKBytesPerSec" : 568.4385915854343,
    "sentKBytesPerSec" : 4.674945168721418
  }
}