{
  "Total" : {
    "transaction" : "Total",
    "sampleCount" : 90000,
    "errorCount" : 35541,
    "errorPct" : 39.49,
    "meanResTime" : 36904.02431111166,
    "medianResTime" : 14037.5,
    "minResTime" : 37.0,
    "maxResTime" : 331271.0,
    "pct1ResTime" : 184179.0,
    "pct2ResTime" : 229191.95,
    "pct3ResTime" : 288232.83000000165,
    "throughput" : 117.42602160638798,
    "receivedKBytesPerSec" : 65.4219215320997,
    "sentKBytesPerSec" : 24.769551432597464
  },
  "Login Page" : {
    "transaction" : "Login Page",
    "sampleCount" : 30000,
    "errorCount" : 3022,
    "errorPct" : 10.073334,
    "meanResTime" : 46687.95843333348,
    "medianResTime" : 70058.5,
    "minResTime" : 37.0,
    "maxResTime" : 165075.0,
    "pct1ResTime" : 126027.30000000002,
    "pct2ResTime" : 142279.05000000002,
    "pct3ResTime" : 158253.81000000003,
    "throughput" : 40.87722525394976,
    "receivedKBytesPerSec" : 18.788907879766455,
    "sentKBytesPerSec" : 8.662458867292088
  },
  "Pay" : {
    "transaction" : "Pay",
    "sampleCount" : 30000,
    "errorCount" : 28282,
    "errorPct" : 94.27333,
    "meanResTime" : 465.9741000000022,
    "medianResTime" : 180.0,
    "minResTime" : 113.0,
    "maxResTime" : 5260.0,
    "pct1ResTime" : 1305.0,
    "pct2ResTime" : 1953.0,
    "pct3ResTime" : 3172.9600000000064,
    "throughput" : 39.15288811279164,
    "receivedKBytesPerSec" : 11.612565634107126,
    "sentKBytesPerSec" : 10.285280178067335
  },
  "Get all restaurants" : {
    "transaction" : "Get all restaurants",
    "sampleCount" : 30000,
    "errorCount" : 4237,
    "errorPct" : 14.123333,
    "meanResTime" : 63558.140400000266,
    "medianResTime" : 14243.5,
    "minResTime" : 92.0,
    "maxResTime" : 331271.0,
    "pct1ResTime" : 226192.9,
    "pct2ResTime" : 249119.35,
    "pct3ResTime" : 293217.0,
    "throughput" : 39.25144870555264,
    "receivedKBytesPerSec" : 35.921411761353156,
    "sentKBytesPerSec" : 6.209701845995633
  }
}