{
  "Total" : {
    "transaction" : "Total",
    "sampleCount" : 90000,
    "errorCount" : 28638,
    "errorPct" : 31.82,
    "meanResTime" : 17894.092111111186,
    "medianResTime" : 2984.0,
    "minResTime" : 42.0,
    "maxResTime" : 230182.0,
    "pct1ResTime" : 72922.90000000002,
    "pct2ResTime" : 119999.0,
    "pct3ResTime" : 220053.96000000002,
    "throughput" : 135.04510506509175,
    "receivedKBytesPerSec" : 80.30493219891694,
    "sentKBytesPerSec" : 28.48607684966779
  },
  "Login Page" : {
    "transaction" : "Login Page",
    "sampleCount" : 30000,
    "errorCount" : 0,
    "errorPct" : 0.0,
    "meanResTime" : 19963.698733333396,
    "medianResTime" : 2253.0,
    "minResTime" : 42.0,
    "maxResTime" : 119980.0,
    "pct1ResTime" : 80363.5,
    "pct2ResTime" : 91509.8,
    "pct3ResTime" : 98633.76000000004,
    "throughput" : 46.54106783826048,
    "receivedKBytesPerSec" : 22.17972764167101,
    "sentKBytesPerSec" : 9.862706758693871
  },
  "Pay" : {
    "transaction" : "Pay",
    "sampleCount" : 30000,
    "errorCount" : 28638,
    "errorPct" : 95.46,
    "meanResTime" : 338.8859666666692,
    "medianResTime" : 158.0,
    "minResTime" : 113.0,
    "maxResTime" : 2300.0,
    "pct1ResTime" : 598.0,
    "pct2ResTime" : 1218.0,
    "pct3ResTime" : 1943.9900000000016,
    "throughput" : 45.02996744333354,
    "receivedKBytesPerSec" : 13.358289355628672,
    "sentKBytesPerSec" : 11.829161369391331
  },
  "Get all restaurants" : {
    "transaction" : "Get all restaurants",
    "sampleCount" : 30000,
    "errorCount" : 0,
    "errorPct" : 0.0,
    "meanResTime" : 33379.69163333327,
    "medianResTime" : 5078.0,
    "minResTime" : 94.0,
    "maxResTime" : 230182.0,
    "pct1ResTime" : 153107.0,
    "pct2ResTime" : 169085.20000000007,
    "pct3ResTime" : 220053.96000000002,
    "throughput" : 45.14400938995395,
    "receivedKBytesPerSec" : 45.6289548033226,
    "sentKBytesPerSec" : 7.141923360520059
  }
}